degre;region;departement;arrondissement;groupement;numero;denomination;acte
2;Adamaoua;Djérem;;;1;Chefferie BEKAGOTO;
2;Adamaoua;Faro-et-Déo;;;2;Chefferie MBARNANG;
2;Adamaoua;Faro-et-Déo;;;3;Chefferie MEIDJAMBA;
2;Adamaoua;Mbéré;;;4;Chefferie GALIM;
2;Adamaoua;Vina;;;5;Chefferie LOMPTA;
2;Adamaoua;Mayo-Banyo;;;6;Chefferie MAYO-BALEO;
2;Centre;Haute-Sanaga;;;7;Chefferie GADJIWAN;
2;Centre;Haute-Sanaga;;;8;Chefferie ALME;
2;Centre;Haute-Sanaga;;;9;Chefferie DODEO;
2;Centre;Haute-Sanaga;;;10;Chefferie DIR;
2;Centre;Haute-Sanaga;;;11;Chefferie KALALDI;
2;Centre;Haute-Sanaga;;;12;Chefferie BAGODO;
2;Centre;Haute-Sanaga;;;13;Chefferie LOKOTI;
2;Centre;Haute-Sanaga;;;14;Chefferie DJOHONG;
2;Centre;Haute-Sanaga;;;15;Chefferie MBE;
2;Centre;Haute-Sanaga;;;16;Chefferie BANKIM;
2;Centre;Haute-Sanaga;;;17;Chefferie NGUINDA-BADJA;
2;Centre;Haute-Sanaga;;;18;Chefferie NSEM;
2;Centre;Haute-Sanaga;;;19;Chefferie NGUEN;
2;Centre;Haute-Sanaga;;;20;Chefferie LEMBE-YEZOUM;
2;Centre;Haute-Sanaga;;;21;Chefferie DJORE;
2;Centre;Haute-Sanaga;;;22;Chefferie SIMBANE;
2;Centre;Haute-Sanaga;;;23;Chefferie WALL;
2;Centre;Haute-Sanaga;;;24;Chefferie BIBEY;
2;Centre;Haute-Sanaga;;;25;Chefferie OUASSA-BAMVELE;
2;Centre;Haute-Sanaga;;;26;Chefferie MENGA’A-BIBOA;
2;Centre;Haute-Sanaga;;;27;Chefferie BISSAGA;
2;Centre;Haute-Sanaga;;;28;Chefferie DEA;
2;Centre;Haute-Sanaga;;;29;Chefferie NKOTENG;
2;Centre;Haute-Sanaga;;;30;Chefferie MINTA;
2;Centre;Haute-Sanaga;;;31;Chefferie NDJOMBE;
2;Centre;Haute-Sanaga;;;32;Chefferie ZENGOAGA;
2;Centre;Haute-Sanaga;;;33;Chefferie ZOA;
2;Centre;Haute-Sanaga;;;34;Chefferie METEP;
2;Centre;Lekié;;;35;Chefferie NDO;
2;Centre;Lekié;;;36;Chefferie OBALA;
2;Centre;Lekié;;;37;Chefferie MVOG-NAMAII;
2;Centre;Lekié;;;38;Chefferie NKOLO;
2;Centre;Lekié;;;39;Chefferie EBOMBO;
2;Centre;Lekié;;;40;Chefferie LOUA;
2;Centre;Lekié;;;41;Chefferie ETON-BETI;
2;Centre;Lekié;;;42;Chefferie MVOG-ONAMENYE;
2;Centre;Lekié;;;43;Chefferie NTSASETNDO;
2;Centre;Lekié;;;44;Chefferie LEBAMZIP;
2;Centre;Lekié;;;45;Chefferie KOUGOUDA;
2;Centre;Lekié;;;46;Chefferie NKOLMVAK;
2;Centre;Lekié;;;47;Chefferie MVOG-ONAMENYE;
2;Centre;Lekié;;;48;Chefferie ENGAB;
2;Centre;Lekié;;;49;Chefferie BENYABEGA;
2;Centre;Lekié;;;50;Chefferie MENDOUM;
2;Centre;Lekié;;;51;Chefferie EKOT;
2;Centre;Lekié;;;52;Chefferie MINKAMA;
2;Centre;Lekié;;;53;Chefferie KOUNA-ODZOLO;
2;Centre;Lekié;;;54;Chefferie NKOLKOSSE;
2;Centre;Lekié;;;55;Chefferie MVOG-ONAMNYE1;
2;Centre;Lekié;;;56;Chefferie NKOLBOGO;
2;Centre;Lekié;;;57;Chefferie NKOLEDOUMA;
2;Centre;Lekié;;;58;Chefferie BATCHENGA;
2;Centre;Lekié;;;59;Chefferie NKOLFEB;
2;Centre;Lekié;;;60;Chefferie ABAM;
2;Centre;Lekié;;;61;Chefferie EYEN-MEYONG;
2;Centre;Lekié;;;62;Chefferie ABAM-NGOE;
2;Centre;Lekié;;;63;Chefferie EFOK;
2;Centre;Mbam-et-Inoubou;;;64;Chefferie NGOUNOU-NORD;
2;Centre;Mbam-et-Inoubou;;;65;Chefferie NGOUNOU-SUD;
2;Centre;Mbam-et-Inoubou;;;66;Chefferie YAMBETTA;
2;Centre;Mbam-et-Inoubou;;;67;Chefferie NGORO;
2;Centre;Mbam-et-Inoubou;;;68;Chefferie BAPE;
2;Centre;Mbam-et-Inoubou;;;69;Chefferie KORRO;
2;Centre;Mbam-et-Inoubou;;;70;Chefferie NGAM;
2;Centre;Mbam-et-Inoubou;;;71;Chefferie NKOKOE;
2;Centre;Mbam-et-Inoubou;;;72;Chefferie GOUIFE;
2;Centre;Mbam-et-Inoubou;;;73;Chefferie ELIP;
2;Centre;Mbam-et-Inoubou;;;74;Chefferie YANGBEN;
2;Centre;Mbam-et-Inoubou;;;75;Chefferie INOUBOU-NORD;
2;Centre;Mbam-et-Inoubou;;;76;Chefferie LEMENDE;
2;Centre;Mbam-et-Inoubou;;;77;Chefferie MMAHLA;
2;Centre;Mbam-et-Inoubou;;;78;Chefferie ETOUNDOU;
2;Centre;Mbam-et-Inoubou;;;79;Chefferie INOUBOU-SUD;
2;Centre;Mbam-et-Inoubou;;;80;Chefferie BALOM II;
2;Centre;Mbam-et-Inoubou;;;81;Chefferie BALOM;
2;Centre;Mbam-et-Inoubou;;;82;Chefferie MVELE;
2;Centre;Mbam-et-Inoubou;;;83;Chefferie BACHENGA;
2;Centre;Mbam-et-Inoubou;;;84;Chefferie BAFEUK;
2;Centre;Mbam-et-Kim;;;85;Chefferie TIKAR;
2;Centre;Mbam-et-Kim;;;86;Chefferie TSINGA;
2;Centre;Mbam-et-Kim;;;87;Chefferie KOMBE;
2;Centre;Mbam-et-Kim;;;88;Chefferie BABOUTE;
2;Centre;Mbam-et-Kim;;;89;Chefferie NGOULEMAKONG;
2;Centre;Mfoundi;;;90;Chefferie MVOG-BELLINGA;
2;Centre;Mfoundi;;;91;Chefferie NKOLBISSON;
2;Centre;Mfoundi;;;92;Chefferie YANDA;
2;Centre;Mfoundi;;;93;Chefferie EMANA;
2;Centre;Mfoundi;;;94;Chefferie BANE;
2;Centre;Nyong-et-Kellé;;;95;Chefferie NDOG-BEA-SUD;
2;Centre;Nyong-et-Kellé;;;96;Chefferie NDOG-SEND;
2;Centre;Nyong-et-Kellé;;;97;Chefferie LIYEGUEEST;
2;Centre;Nyong-et-Kellé;;;98;Chefferie POUGUENDJOUEL;
2;Centre;Nyong-et-Kellé;;;99;Chefferie NGOG-NDJOUEII;
2;Centre;Nyong-et-Kellé;;;100;Chefferie NDOG-BESSOL;
2;Centre;Nyong-et-Kellé;;;101;Chefferie LONGUE;
2;Centre;Nyong-et-Kellé;;;102;Chefferie NDOG-BATJECK;
2;Centre;Nyong-et-Kellé;;;103;Chefferie NDOG-SOUGA;
2;Centre;Nyong-et-Kellé;;;104;Chefferie KELLENDONGOND;
2;Centre;Nyong-et-Kellé;;;105;Chefferie MBENGUE;
2;Centre;Nyong-et-Kellé;;;106;Chefferie YABII;
2;Centre;Nyong-et-Kellé;;;107;Chefferie MBEBEETLOUMBE;
2;Centre;Nyong-et-Kellé;;;108;Chefferie BANESUD-EST;
2;Centre;Nyong-et-Kellé;;;109;Chefferie BANENORD-EST;
2;Centre;Nyong-et-Kellé;;;110;Chefferie BANESUD1;
2;Centre;Nyong-et-Kellé;;;111;Chefferie BANENORD;
2;Centre;Nyong-et-Kellé;;;112;Chefferie BANECENTRE;
2;Centre;Nyong-et-Kellé;;;113;Chefferie ENOAH-ET-NGOE;
2;Centre;Nyong-et-Kellé;;;114;Chefferie BANEOUEST;
2;Centre;Nyong-et-Kellé;;;115;Chefferie BANESUD2;
2;Centre;Nyong-et-Kellé;;;116;Chefferie MVOG-ATANGANA;
2;Centre;Nyong-et-Kellé;;;117;Chefferie MVOG-ESSOMBA;
2;Centre;Nyong-et-Kellé;;;118;Chefferie ETOUDI;
2;Centre;Nyong-et-Kellé;;;119;Chefferie MVOG-FOUDA;
2;Centre;Nyong-et-Kellé;;;120;Chefferie MBIDAAMBANI;
2;Centre;Nyong-et-Kellé;;;121;Chefferie MBIDAAMBANI;
2;Centre;Nyong-et-Kellé;;;122;Chefferie MBIDAAMBANI;
2;Centre;Nyong-et-Kellé;;;123;Chefferie AKONOLINGA-VILLE;
2;Centre;Nyong-et-Kellé;;;124;Chefferie MVOG-NYENGUE;
2;Centre;Nyong-et-Kellé;;;125;Chefferie YEBEKOLONORD;
2;Centre;Nyong-et-Kellé;;;126;Chefferie SO-CENTRE;
2;Centre;Nyong-et-Kellé;;;127;Chefferie SO-EST;
2;Centre;Nyong-et-Kellé;;;128;Chefferie YELINDA;
2;Centre;Nyong-et-Kellé;;;129;Chefferie YEMBAMA;
2;Centre;Nyong-et-Kellé;;;130;Chefferie YENGONO;
2;Centre;Nyong-et-Kellé;;;131;Chefferie YEBEKOLOEST;
2;Centre;Nyong-et-Kellé;;;132;Chefferie OMVANG;
2;Centre;Nyong-et-Mfoumou;;;133;Chefferie TYE1BEKOLO;
2;Centre;Nyong-et-Mfoumou;;;134;Chefferie TYE2BEKOLO;
2;Centre;Méfou-et-Afamba;;;135;Chefferie MAKANORD;
2;Centre;Méfou-et-Afamba;;;136;Chefferie MBIDAMBANI;
2;Centre;Méfou-et-Afamba;;;137;Chefferie MAKASUD;
2;Centre;Méfou-et-Afamba;;;138;Chefferie ESSANKOM;
2;Centre;Méfou-et-Afamba;;;139;Chefferie MVOGAMOUGOU;
2;Centre;Méfou-et-Afamba;;;140;Chefferie MVOG-NOMO;
2;Centre;Méfou-et-Afamba;;;141;Chefferie BANE;
2;Centre;Méfou-et-Afamba;;;142;Chefferie MVOG-ZAMBO;
2;Centre;Méfou-et-Afamba;;;143;Chefferie MVOG-AMOUGOU3;
2;Centre;Méfou-et-Afamba;;;144;Chefferie ZOMUVLOIG-AWOND;
2;Centre;Méfou-et-Afamba;;;145;Chefferie NDI-BENE;
2;Centre;Méfou-et-Afamba;;;146;Chefferie MVOG-AMOUGOU2;
2;Centre;Méfou-et-Afamba;;;147;Chefferie MVOG-MANGA1;
2;Centre;Méfou-et-Afamba;;;148;Chefferie TSINGA;
2;Centre;Méfou-et-Afamba;;;149;Chefferie MVOG-MANGA2;
2;Centre;Méfou-et-Afamba;;;150;Chefferie EVONDO;
2;Centre;Méfou-et-Afamba;;;151;Chefferie AVAMANGA;
2;Centre;Méfou-et-Afamba;;;152;Chefferie MINKOM;
2;Centre;Méfou-et-Afamba;;;153;Chefferie ATEMANGA;
2;Centre;Méfou-et-Afamba;;;154;Chefferie YEMESSOMO;
2;Centre;Méfou-et-Afamba;;;155;Chefferie NTOUESSONG;
2;Centre;Méfou-et-Afamba;;;156;Chefferie MBENDE;
2;Centre;Méfou-et-Afamba;;;157;Chefferie EBANG;
2;Centre;Méfou-et-Afamba;;;158;Chefferie NGALI;
2;Centre;Méfou-et-Afamba;;;159;Chefferie YETOULOU;
2;Centre;Méfou-et-Afamba;;;160;Chefferie YEMBARAK;
2;Centre;Méfou-et-Afamba;;;161;Chefferie BEKOUA;
2;Centre;Méfou-et-Afamba;;;162;Chefferie YEMBOUNI;
2;Centre;Méfou-et-Afamba;;;163;Chefferie MVOG-NANA;
2;Centre;Méfou-et-Afamba;;;164;Chefferie YENDOMBO;
2;Centre;Méfou-et-Afamba;;;165;Chefferie EDOUMA;
2;Centre;Méfou-et-Afamba;;;166;Chefferie ASSAMBA;
2;Centre;Méfou-et-Akono;;;167;Chefferie MVOG-TSOUNGUI;
2;Centre;Méfou-et-Akono;;;168;Chefferie MVOG-FOUDA;
2;Centre;Méfou-et-Akono;;;169;Chefferie ELEGA;
2;Centre;Méfou-et-Akono;;;170;Chefferie MFIDA;
2;Centre;Méfou-et-Akono;;;171;Chefferie MVOG-NAMA;
2;Centre;Méfou-et-Akono;;;172;Chefferie MVOGFOUDA;
2;Centre;Méfou-et-Akono;;;173;Chefferie MVOG-TSOUNGUI I;
2;Centre;Méfou-et-Akono;;;174;Chefferie IMIVOGTSOUNGUI;
2;Centre;Méfou-et-Akono;;;175;Chefferie EVINDISSI;
2;Centre;Méfou-et-Akono;;;176;Chefferie BIKOP;
2;Centre;Méfou-et-Akono;;;177;Chefferie OMAN;
2;Centre;Méfou-et-Akono;;;178;Chefferie NYOMO;
2;Centre;Méfou-et-Akono;;;179;Chefferie MEYILA;
2;Centre;Méfou-et-Akono;;;180;Chefferie NKONZOK;
2;Centre;Méfou-et-Akono;;;181;Chefferie OTELE-CENTRE;
2;Centre;Méfou-et-Akono;;;182;Chefferie NKONG-MEYOS;
2;Centre;Méfou-et-Akono;;;183;Chefferie MVOG-TSOUNGUI;
2;Centre;Méfou-et-Akono;;;184;Chefferie NKONGABOK;
2;Centre;Méfou-et-Akono;;;185;Chefferie ETENGA;
2;Centre;Méfou-et-Akono;;;186;Chefferie BOMBONG;
2;Centre;Méfou-et-Akono;;;187;Chefferie KONAMBEMBE;
2;Centre;Méfou-et-Akono;;;188;Chefferie BIDJOUKI;
2;Est;Boumba-et-Ngoko;;;189;Chefferie YANGHERE;
2;Est;Boumba-et-Ngoko;;;190;Chefferie MBIMOU;
2;Est;Boumba-et-Ngoko;;;191;Chefferie BANGANTOU;
2;Est;Boumba-et-Ngoko;;;192;Chefferie DJAKO;
2;Est;Haut-Nyong;;;193;Chefferie BOMAN;
2;Est;Haut-Nyong;;;194;Chefferie BAKOUM-POLL;
2;Est;Haut-Nyong;;;195;Chefferie MAKA-MBOANS;
2;Est;Haut-Nyong;;;196;Chefferie MAKA-ROUTE-DOUME;
2;Est;Haut-Nyong;;;197;Chefferie BAKOUM -DOUME;
2;Est;Haut-Nyong;;;198;Chefferie MAKA-EBESSEP;
2;Est;Haut-Nyong;;;199;Chefferie AOMVANG-NGOMEY;
2;Est;Haut-Nyong;;;200;Chefferie AYONG-YERAP;
2;Est;Haut-Nyong;;;201;Chefferie BIKELE-SUD;
2;Est;Haut-Nyong;;;202;Chefferie LEHE-ET-MPOUOH;
2;Est;Haut-Nyong;;;203;Chefferie BIKELE-NORD;
2;Est;Haut-Nyong;;;204;Chefferie DJA;
2;Est;Haut-Nyong;;;205;Chefferie BADJOUE-NORD;
2;Est;Haut-Nyong;;;206;Chefferie GMPOANKGA-MPOUM;
2;Est;Haut-Nyong;;;207;Chefferie BADJOUE;
2;Est;Haut-Nyong;;;208;Chefferie DJEM;
2;Est;Haut-Nyong;;;209;Chefferie NDZIMOU-SUD;
2;Est;Haut-Nyong;;;210;Chefferie NDZIMOU-CENTRE;
2;Est;Haut-Nyong;;;211;Chefferie NDZIMOU-EST;
2;Est;Haut-Nyong;;;212;Chefferie NDZIMOU-NORD;
2;Est;Haut-Nyong;;;213;Chefferie NDJEM CENTRE;
2;Est;Haut-Nyong;;;214;Chefferie NDJEM SUD-EST;
2;Est;Haut-Nyong;;;215;Chefferie ETA-FRONTIERE;
2;Est;Haut-Nyong;;;216;Chefferie MBALAM-ALATI;
2;Est;Haut-Nyong;;;217;Chefferie NGOYLA-MIE;
2;Est;Haut-Nyong;;;218;Chefferie KAKANGBAKO;
2;Est;Haut-Nyong;;;219;Chefferie MBONDJO;
2;Est;Haut-Nyong;;;220;Chefferie KAKAMBORONG;
2;Est;Haut-Nyong;;;221;Chefferie MBONGUENDI;
2;Est;Kadey;;;222;Chefferie KAKABERA;
2;Est;Kadey;;;223;Chefferie KAKAMBESSEMBO;
2;Est;Kadey;;;224;Chefferie BAYA-EST;
2;Est;Kadey;;;225;Chefferie BAYA-OUEST;
2;Est;Kadey;;;226;Chefferie MEDJIME;
2;Est;Kadey;;;227;Chefferie BANGANTOU;
2;Est;Kadey;;;228;Chefferie GBWE-MBOPALO;
2;Est;Kadey;;;229;Chefferie POLY-LOSSOU;
2;Est;Lom-et-Djérem;;;230;Chefferie BOBILIS1;
2;Est;Lom-et-Djérem;;;231;Chefferie POLL;
2;Est;Lom-et-Djérem;;;232;Chefferie NKGEPERE-DENGDE;
2;Est;Lom-et-Djérem;;;233;Chefferie AKBEAPERE-WOUTCH;
2;Est;Lom-et-Djérem;;;234;Chefferie BAYA-DOKA;
2;Est;Lom-et-Djérem;;;235;Chefferie INBADYAA;
2;Est;Lom-et-Djérem;;;236;Chefferie BAYABODOMO;
2;Est;Lom-et-Djérem;;;237;Chefferie MBOUM-NORD;
2;Est;Lom-et-Djérem;;;238;Chefferie MAKA-NORD;
2;Est;Lom-et-Djérem;;;239;Chefferie BOBILIS2;
2;Est;Lom-et-Djérem;;;240;Chefferie BAMVELE;
2;Est;Lom-et-Djérem;;;241;Chefferie BAYA;
2;Est;Lom-et-Djérem;;;242;Chefferie BAYA-LAI;
2;Est;Lom-et-Djérem;;;243;Chefferie YAYOUE;
2;Extrême-Nord;Mayo-Kani;;;244;Chefferie MBITOM;
2;Extrême-Nord;Mayo-Kani;;;245;Lawanat de LARA;
2;Extrême-Nord;Mayo-Kani;;;246;Chefferie de BOBOYO;
2;Extrême-Nord;Mayo-Kani;;;247;Lawanat de BOGO-VILLE;
2;Extrême-Nord;Mayo-Kani;;;248;Lawanat de MINDIF-VILLE;
2;Extrême-Nord;Mayo-Kani;;;249;Chefferie MOURZERE;
2;Extrême-Nord;Mayo-Kani;;;250;Lawanat de PIWA;
2;Extrême-Nord;Mayo-Kani;;;251;Lawanat de MINDJIL;
2;Extrême-Nord;Mayo-Kani;;;252;Lawanat de GAREY-DJIDOMA;
2;Extrême-Nord;Mayo-Kani;;;253;Lawanat de BISSELE;
2;Extrême-Nord;Mayo-Kani;;;254;Lawanat GAREY-KAELE;
2;Extrême-Nord;Mayo-Kani;;;255;Lawanat de MOUMOUR;
2;Extrême-Nord;Mayo-Kani;;;256;Lawanat de KASSELE;
2;Extrême-Nord;Mayo-Kani;;;257;Lawanat de MIDJIVING;
2;Extrême-Nord;Mayo-Kani;;;258;Lawanat de GUIDIGUIS;
2;Extrême-Nord;Mayo-Kani;;;259;Chefferie DOUBANE;
2;Extrême-Nord;Mayo-Kani;;;260;Lawanat EDOUMROU;
2;Extrême-Nord;Mayo-Kani;;;261;Lawanat de GUEREME;
2;Extrême-Nord;Mayo-Kani;;;262;Lawanat de LOUBOUR;
2;Extrême-Nord;Mayo-Kani;;;263;Lawanat de MOGOM;
2;Extrême-Nord;Mayo-Kani;;;264;Lawanat de DJAPPAI;
2;Extrême-Nord;Mayo-Kani;;;265;Lawanat de YAKANG;
2;Extrême-Nord;Mayo-Kani;;;266;Lawanat de MAFFAI;
2;Extrême-Nord;Mayo-Kani;;;267;Lawanat de MOULVOUDAYE;
2;Extrême-Nord;Mayo-Kani;;;268;Lawanat de GOUDOUM-GOUDOUM;
2;Extrême-Nord;Mayo-Kani;;;269;Lawanat de KOLARA;
2;Extrême-Nord;Mayo-Kani;;;270;Lawanat de KORRE;
2;Extrême-Nord;Mayo-Kani;;;271;Lawanat de KADAI;
2;Extrême-Nord;Mayo-Kani;;;272;Lawanat de KOBO;
2;Extrême-Nord;Mayo-Kani;;;273;Lawanat de HORLONG;
2;Extrême-Nord;Mayo-Kani;;;274;Lawanat de DARAM;
2;Extrême-Nord;Mayo-Kani;;;275;Chefferie TOULOUM;
2;Extrême-Nord;Mayo-Kani;;;276;Lawanat de DARGALA;
2;Extrême-Nord;Mayo-Kani;;;277;Chefferie de GOUNDAYE;
2;Extrême-Nord;Mayo-Kani;;;278;Lawanat de DZIGUILAO;
2;Extrême-Nord;Diamaré;;;279;Chefferie de GOLONGHINI;
2;Extrême-Nord;Diamaré;;;280;Lawanat de DAKAR;
2;Extrême-Nord;Diamaré;;;281;Lamidat de MISKINE;
2;Extrême-Nord;Diamaré;;;282;Lawanat de KATOUAL;
2;Extrême-Nord;Diamaré;;;283;Lawanat de SALAK;
2;Extrême-Nord;Diamaré;;;284;Lawanat de DOURSOUNGO;
2;Extrême-Nord;Diamaré;;;285;Lawanat de GAYAK;
2;Extrême-Nord;Diamaré;;;286;Lawanat de KOSSEWA;
2;Extrême-Nord;Diamaré;;;287;Lawanat de PAPATA;
2;Extrême-Nord;Diamaré;;;288;Lawanat de DOGBA;
2;Extrême-Nord;Diamaré;;;289;Lamidat de BALAZA-ALKALI;
2;Extrême-Nord;Diamaré;;;290;Lawanat de KONGOLA-DJOLAO;
2;Extrême-Nord;Diamaré;;;291;Lawanat de KONGOLA-DJIDDEO;
2;Extrême-Nord;Diamaré;;;292;Lawanat de KONGOLA-SAID;
2;Extrême-Nord;Diamaré;;;293;Lawanat de BALAZA;
2;Extrême-Nord;Diamaré;;;294;Lawanat de KODEK;
2;Extrême-Nord;Diamaré;;;295;Lawanat de DJOULGOUE;
2;Extrême-Nord;Diamaré;;;296;Lamidat de NDOUKOULA;
2;Extrême-Nord;Diamaré;;;297;Lawanat de GAWEL;
2;Extrême-Nord;Diamaré;;;298;Lawanat de ZONGOYA;
2;Extrême-Nord;Diamaré;;;299;Lawanat de OUZAL-LOULOU;
2;Extrême-Nord;Diamaré;;;300;Lawanat de DJIDDERE;
2;Extrême-Nord;Diamaré;;;301;Lawanat de KOLLA;
2;Extrême-Nord;Diamaré;;;302;Lamidat de PETTE;
2;Extrême-Nord;Diamaré;;;303;Lawanat de MALAM-PETEL;
2;Extrême-Nord;Diamaré;;;304;Lawanat de FADARE;
2;Extrême-Nord;Diamaré;;;305;Lawanat de BALDA;
2;Extrême-Nord;Diamaré;;;306;Lawanat de SEDEK;
2;Extrême-Nord;Diamaré;;;307;Lawanat de MADAKA;
2;Extrême-Nord;Diamaré;;;308;Lawanat de MORORO;
2;Extrême-Nord;Diamaré;;;309;Lawanat de TANKIROU;
2;Extrême-Nord;Diamaré;;;310;Lawanat de DJIDDEL;
2;Extrême-Nord;Diamaré;;;311;Lawanat de OURO-MESSERE;
2;Extrême-Nord;Diamaré;;;312;Lawanat de BAGALAF;
2;Extrême-Nord;Diamaré;;;313;Lawanat de DAMBAYE;
2;Extrême-Nord;Diamaré;;;314;Lawanat de GUINGLAYE;
2;Extrême-Nord;Diamaré;;;315;Lamidat de GAZWA;
2;Extrême-Nord;Diamaré;;;316;Chefferie TCHERE;
2;Extrême-Nord;Diamaré;;;317;Chefferie GODOLA;
2;Extrême-Nord;Diamaré;;;318;Chefferie DOUVANGAR;
2;Extrême-Nord;Diamaré;;;319;Chefferie DOULEK;
2;Extrême-Nord;Diamaré;;;320;Chefferie MERI;
2;Extrême-Nord;Diamaré;;;321;Chefferie OUAZANG;
2;Extrême-Nord;Diamaré;;;322;Chefferie KALIAO;
2;Extrême-Nord;Diamaré;;;323;Chefferie MAMBANG;
2;Extrême-Nord;Diamaré;;;324;Chefferie DOUROUM;
2;Extrême-Nord;Diamaré;;;325;Chefferie BOZO;
2;Extrême-Nord;Diamaré;;;326;Lamidat de DARGALA;
2;Extrême-Nord;Diamaré;;;327;Lawanat de YOLDEO;
2;Extrême-Nord;Diamaré;;;328;Lawanat de OURO-ZANGUI;
2;Extrême-Nord;Diamaré;;;329;Lawanat de KAHEWO;
2;Extrême-Nord;Logone-et-Chari;;;330;Chefferie NGANATIR;
2;Extrême-Nord;Logone-et-Chari;;;331;Chefferie WAROI;
2;Extrême-Nord;Logone-et-Chari;;;332;Chefferie WAROII;
2;Extrême-Nord;Logone-et-Chari;;;333;Chefferie OUROMARI;
2;Extrême-Nord;Logone-et-Chari;;;334;Chefferie AMFARA;
2;Extrême-Nord;Logone-et-Chari;;;335;Chefferie TAKOULWEBE;
2;Extrême-Nord;Logone-et-Chari;;;336;Chefferie GUEBELA;
2;Extrême-Nord;Logone-et-Chari;;;337;Lawanat d'AMCHIDIRE;
2;Extrême-Nord;Logone-et-Chari;;;338;Lawanat de NDJAGARE;
2;Extrême-Nord;Logone-et-Chari;;;339;Chefferie de MADIAKO;
2;Extrême-Nord;Logone-et-Chari;;;340;Chefferie HINALE;
2;Extrême-Nord;Logone-et-Chari;;;341;Chefferie ELBIRKE;
2;Extrême-Nord;Logone-et-Chari;;;342;Chefferie KALAKAFRA;
2;Extrême-Nord;Logone-et-Chari;;;343;Chefferie MAZERA;
2;Extrême-Nord;Logone-et-Chari;;;344;Chefferie LAHAÏ;
2;Extrême-Nord;Logone-et-Chari;;;345;Chefferie GODENI;
2;Extrême-Nord;Logone-et-Chari;;;346;Chefferie WAZA;
2;Extrême-Nord;Logone-et-Chari;;;347;Lawanat d'AMCHILGA;
2;Extrême-Nord;Logone-et-Chari;;;348;Sultanat d'AFADE;
2;Extrême-Nord;Logone-et-Chari;;;349;Chefferie NGAME;
2;Extrême-Nord;Logone-et-Chari;;;350;Sultanat de WOULKI;
2;Extrême-Nord;Logone-et-Chari;;;351;Sultanat de BODO;
2;Extrême-Nord;Logone-et-Chari;;;352;Chefferie KOKIO;
2;Extrême-Nord;Logone-et-Chari;;;353;Chefferie NGARDOUGOUM;
2;Extrême-Nord;Logone-et-Chari;;;354;Chefferie ABOUKOUS;
2;Extrême-Nord;Logone-et-Chari;;;355;Chefferie SAGME;
2;Extrême-Nord;Logone-et-Chari;;;356;Chefferie ABOUDANGALA;
2;Extrême-Nord;Logone-et-Chari;;;357;Chefferie NGAIWA;
2;Extrême-Nord;Logone-et-Chari;;;358;Lawanat de MAKARY;
2;Extrême-Nord;Logone-et-Chari;;;359;Chefferie BOUGOUDOUM;
2;Extrême-Nord;Mayo-Danay;;;360;Chefferie MOUSEY;
2;Extrême-Nord;Mayo-Danay;;;361;Chefferie GOAVOUSSOU;
2;Extrême-Nord;Mayo-Tsanaga;;;362;Chefferie GUISSEY;
2;Extrême-Nord;Mayo-Tsanaga;;;363;Chefferie POUSS;
2;Extrême-Nord;Mayo-Tsanaga;;;364;Chefferie GUIRVIDIG;
2;Extrême-Nord;Mayo-Tsanaga;;;365;Chefferie TCHATIBALI;
2;Extrême-Nord;Mayo-Tsanaga;;;366;Chefferie WINA;
2;Extrême-Nord;Mayo-Tsanaga;;;367;Chefferie MOKONG;
2;Extrême-Nord;Mayo-Tsanaga;;;368;Chefferie ZIDIM;
2;Extrême-Nord;Mayo-Tsanaga;;;369;Chefferie GAWAR;
2;Extrême-Nord;Mayo-Tsanaga;;;370;Chefferie BOULA;
2;Extrême-Nord;Mayo-Tsanaga;;;371;Chefferie ZAMAI;
2;Extrême-Nord;Mayo-Tsanaga;;;372;Chefferie KOZA;
2;Extrême-Nord;Mayo-Tsanaga;;;373;Chefferie GABOUA;
2;Extrême-Nord;Mayo-Tsanaga;;;374;Chefferie TCHEVI;
2;Extrême-Nord;Mayo-Tsanaga;;;375;Chefferie GUITI;
2;Extrême-Nord;Mayo-Tsanaga;;;376;Chefferie BOURRHA;
2;Extrême-Nord;Mayo-Tsanaga;;;377;Chefferie HINA;
2;Extrême-Nord;Mayo-Tsanaga;;;378;Chefferie MOGODE;
2;Extrême-Nord;Mayo-Tsanaga;;;379;Chefferie MOSKOTA;
2;Extrême-Nord;Mayo-Sava;;;380;Chefferie MOZOGO;
2;Extrême-Nord;Mayo-Sava;;;381;Chefferie MEME;
2;Extrême-Nord;Mayo-Sava;;;382;Lawanat de PODOKO;
2;Extrême-Nord;Mayo-Sava;;;383;Chefferie AMOUKTELE-ZOUELV;
2;Extrême-Nord;Mayo-Sava;;;384;Lawanat de MORAVILLE;
2;Extrême-Nord;Mayo-Sava;;;385;Chefferie PODOKOSUD;
2;Extrême-Nord;Mayo-Sava;;;386;Lawanat de KOURGUI;
2;Extrême-Nord;Mayo-Sava;;;387;Chefferie LIMANI;
2;Extrême-Nord;Mayo-Sava;;;388;Chefferie PODOKONORD;
2;Extrême-Nord;Mayo-Sava;;;389;Chefferie KOSSA;
2;Extrême-Nord;Mayo-Sava;;;390;Lawanat de DJOUNDE;
2;Extrême-Nord;Mayo-Sava;;;391;Lawanat de DOULO;
2;Extrême-Nord;Mayo-Sava;;;392;Chefferie MORA-MASSIF;
2;Extrême-Nord;Mayo-Sava;;;393;Chefferie AMOUKTELE;
2;Extrême-Nord;Mayo-Sava;;;394;Chefferie WARBA;
2;Extrême-Nord;Mayo-Sava;;;395;Chefferie BOUNDERI;
2;Extrême-Nord;Mayo-Sava;;;396;Lawanat de MAGDEME;
2;Extrême-Nord;Mayo-Sava;;;397;Chefferie KERAOUA;
2;Extrême-Nord;Mayo-Sava;;;398;Chefferie KOLOFATA;
2;Extrême-Nord;Mayo-Sava;;;399;Chefferie MAKILLINGAÏ;
2;Extrême-Nord;Mayo-Sava;;;400;Chefferie MADA;
2;Extrême-Nord;Mayo-Sava;;;401;Chefferie OULDEME;
2;Extrême-Nord;Mayo-Sava;;;402;Chefferie MOUYENGUE;
2;Extrême-Nord;Mayo-Sava;;;403;Chefferie SERAWAGUEZECK;
2;Extrême-Nord;Mayo-Sava;;;404;Chefferie PALBARA;
2;Extrême-Nord;Mayo-Sava;;;405;Chefferie MANEHAS;
2;Extrême-Nord;Mayo-Sava;;;406;Chefferie MOUAMENAM;
2;Extrême-Nord;Mayo-Sava;;;407;Chefferie EBOUH-BARE;
2;Extrême-Nord;Mayo-Sava;;;408;Chefferie BAKEM;
2;Extrême-Nord;Mayo-Sava;;;409;Chefferie ABOSUD;
2;Littoral;Moungo;;;410;Chefferie ABONORD;
2;Littoral;Moungo;;;411;Chefferie BOMONO-BA-JEROU;
2;Littoral;Moungo;;;412;Chefferie EBOMONO-BA-MBENGU;
2;Littoral;Moungo;;;413;Chefferie BAKOKO;
2;Littoral;Moungo;;;414;Chefferie BABONG;
2;Littoral;Moungo;;;415;Chefferie ELONG;
2;Littoral;Moungo;;;416;Chefferie BAKAKA;
2;Littoral;Nkam;;;417;Chefferie BANEKA;
2;Littoral;Nkam;;;418;Chefferie YABASSICENTRE;
2;Littoral;Nkam;;;419;Chefferie LDLEIBENG-NDOKBE;
2;Littoral;Nkam;;;420;Chefferie NBDAADJOB-NDOKPE;
2;Littoral;Nkam;;;421;Chefferie WOURI-BWELLE;
2;Littoral;Nkam;;;422;Chefferie BANDEM RIVE;
2;Littoral;Nkam;;;423;Chefferie WOURI-BOSSOUA;
2;Littoral;Nkam;;;424;Chefferie BODIMAN;
2;Littoral;Nkam;;;425;Chefferie NYAMTAM;
2;Littoral;Nkam;;;426;Chefferie MBANG;
2;Littoral;Nkam;;;427;Chefferie BANDEM RIVE;
2;Littoral;Nkam;;;428;Chefferie DIBOM;
2;Littoral;Nkam;;;429;Chefferie MBIAM;
2;Littoral;Nkam;;;430;Chefferie YINGUI;
2;Littoral;Nkam;;;431;Chefferie NDOKBIAKAT;
2;Littoral;Sanaga-Maritime;;;432;Chefferie NDOGBIANGA;
2;Littoral;Sanaga-Maritime;;;433;Chefferie KOMALIMBA-MOUAN;
2;Littoral;Sanaga-Maritime;;;434;Chefferie BABIMBI-NGAMBE;
2;Littoral;Sanaga-Maritime;;;435;Chefferie BABIMBI-NDOM;
2;Littoral;Sanaga-Maritime;;;436;Chefferie BASSA;
2;Littoral;Sanaga-Maritime;;;437;Chefferie LIKOUND-BIAM;
2;Littoral;Sanaga-Maritime;;;438;Chefferie OMENG;
2;Littoral;Sanaga-Maritime;;;439;Chefferie ADIE;
2;Littoral;Sanaga-Maritime;;;440;Chefferie YABI;
2;Littoral;Sanaga-Maritime;;;441;Chefferie LOUNGAHE;
2;Littoral;Sanaga-Maritime;;;442;Chefferie YASSOUKOU;
2;Littoral;Sanaga-Maritime;;;443;Chefferie BASSO;
2;Littoral;Sanaga-Maritime;;;444;Chefferie LRIVEGAUCHE;
2;Littoral;Sanaga-Maritime;;;445;Chefferie BATI;
2;Littoral;Sanaga-Maritime;;;446;Chefferie BABIMBI-NGAMBE;
2;Littoral;Sanaga-Maritime;;;447;Chefferie NDOGMBOCK;
2;Littoral;Sanaga-Maritime;;;448;Chefferie LOGKAT;
2;Littoral;Sanaga-Maritime;;;449;Chefferie UEYAKALACK;
2;Littoral;Sanaga-Maritime;;;450;Chefferie NDONGA;
2;Littoral;Sanaga-Maritime;;;451;Chefferie BIKOK;
2;Littoral;Sanaga-Maritime;;;452;Chefferie LOGHENDE;
2;Littoral;Sanaga-Maritime;;;453;Chefferie KOYAKALACK-MOUAN;
2;Littoral;Sanaga-Maritime;;;454;Chefferie MALIMBA-EDEA;
2;Nord;Bénoué;;;455;Lamidat de TCHEBOA;
2;Nord;Bénoué;;;456;Lamidat de DEMSA;
2;Nord;Bénoué;;;457;Lamidat de DEMBO;
2;Nord;Bénoué;;;458;Lamidat de BASCHEO;
2;Nord;Bénoué;;;459;Chefferie PINTCHOUMBA;
2;Nord;Bénoué;;;460;Chefferie DJOUNTEMANGA;
2;Nord;Bénoué;;;461;Chefferie BOUMBA;
2;Nord;Bénoué;;;462;Chefferie VOKO;
2;Nord;Bénoué;;;463;Chefferie MANA;
2;Nord;Bénoué;;;464;Chefferie POLI;
2;Nord;Bénoué;;;465;Chefferie GODEGARE;
2;Nord;Faro;;;466;Chefferie HOY;
2;Nord;Faro;;;467;Chefferie LOUGGERETERE;
2;Nord;Faro;;;468;Chefferie GOUNA;
2;Nord;Faro;;;469;Lamidat de MAYO;
2;Nord;Faro;;;470;Chefferie NINGA;
2;Nord;Faro;;;471;Chefferie KONGLE;
2;Nord;Faro;;;472;Lamidat de BEKA;
2;Nord;Faro;;;473;Lamidat de TCHAMBA;
2;Nord;Mayo-Louti;;;474;Chefferie WANGAÏ;
2;Nord;Mayo-Louti;;;475;Lamidat de GOLOMBE;
2;Nord;Mayo-Louti;;;476;Chefferie MOUSGOY;
2;Nord;Mayo-Louti;;;477;Lamidat de BE;
2;Nord;Mayo-Louti;;;478;Chefferie DOUROUM;
2;Nord;Mayo-Louti;;;479;Chefferie LIBE;
2;Nord;Mayo-Louti;;;480;Lamidat de MAYO-LOUE;
2;Nord;Mayo-Louti;;;481;Lamidat de FIGUIL;
2;Nord;Mayo-Louti;;;482;Chefferie BIOU;
2;Nord;Mayo-Louti;;;483;Lamidat de TOUROUA;
2;Nord;Mayo-Louti;;;484;Chefferie DOAYOS-NORD;
2;Nord;Mayo-Louti;;;485;Lamidat de GUIRVIZA;
2;Nord;Mayo-Louti;;;486;Chefferie DOUMO;
2;Nord;Mayo-Louti;;;487;Chefferie DAZAL;
2;Nord;Mayo-Louti;;;488;Chefferie ZSEHFUFAI;
2;Nord;Mayo-Louti;;;489;Chefferie KOCHI-NKOR;
2;Nord;Mayo-Louti;;;490;Chefferie DJOTTIN-KINENCHI;
2;Nord;Mayo-Louti;;;491;Chefferie MBINON-ETEH;
2;Nord-Ouest;Bui;;;492;Chefferie LASSIN;
2;Nord-Ouest;Bui;;;493;Chefferie NSEH;
2;Nord-Ouest;Bui;;;494;Chefferie MBIAME;
2;Nord-Ouest;Bui;;;495;Chefferie NKAR;
2;Nord-Ouest;Bui;;;496;Chefferie NDZENREM-NYAM;
2;Nord-Ouest;Bui;;;497;Chefferie KILUN;
2;Nord-Ouest;Bui;;;498;Chefferie OKU;
2;Nord-Ouest;Donga-Mantung;;;499;Chefferie BERABE;
2;Nord-Ouest;Donga-Mantung;;;500;Chefferie ABUENSHIE;
2;Nord-Ouest;Donga-Mantung;;;501;Chefferie ABAFUM;
2;Nord-Ouest;Donga-Mantung;;;502;Chefferie NDAKA;
2;Nord-Ouest;Donga-Mantung;;;503;Chefferie BUKU;
2;Nord-Ouest;Donga-Mantung;;;504;Chefferie AKWAJA;
2;Nord-Ouest;Donga-Mantung;;;505;Chefferie NDU;
2;Nord-Ouest;Donga-Mantung;;;506;Chefferie NGARUM;
2;Nord-Ouest;Donga-Mantung;;;507;Chefferie NTUNDIP;
2;Nord-Ouest;Donga-Mantung;;;508;Chefferie TALLA;
2;Nord-Ouest;Donga-Mantung;;;509;Chefferie MBEM;
2;Nord-Ouest;Donga-Mantung;;;510;Chefferie GOM;
2;Nord-Ouest;Donga-Mantung;;;511;Chefferie NTONG;
2;Nord-Ouest;Donga-Mantung;;;512;Chefferie MFE;
2;Nord-Ouest;Donga-Mantung;;;513;Chefferie LUS;
2;Nord-Ouest;Donga-Mantung;;;514;Chefferie KWAJA;
2;Nord-Ouest;Donga-Mantung;;;515;Chefferie NTEM;
2;Nord-Ouest;Donga-Mantung;;;516;Chefferie SIH;
2;Nord-Ouest;Donga-Mantung;;;517;Chefferie SAAM;
2;Nord-Ouest;Donga-Mantung;;;518;Chefferie YANG;
2;Nord-Ouest;Donga-Mantung;;;519;Chefferie NKANCHI;
2;Nord-Ouest;Donga-Mantung;;;520;Chefferie AKWETO;
2;Nord-Ouest;Donga-Mantung;;;521;Chefferie DUMBU;
2;Nord-Ouest;Donga-Mantung;;;522;Chefferie TABENKEN;
2;Nord-Ouest;Donga-Mantung;;;523;Chefferie BINKA;
2;Nord-Ouest;Donga-Mantung;;;524;Chefferie NKAMBE;
2;Nord-Ouest;Donga-Mantung;;;525;Chefferie MBOT;
2;Nord-Ouest;Donga-Mantung;;;526;Chefferie WATT;
2;Nord-Ouest;Donga-Mantung;;;527;Chefferie KUNGI;
2;Nord-Ouest;Boyo;;;528;Chefferie BINSHUA;
2;Nord-Ouest;Boyo;;;529;Chefferie FUNDONG;
2;Nord-Ouest;Boyo;;;530;Chefferie ABUH;
2;Nord-Ouest;Boyo;;;531;Chefferie MBESINAKU;
2;Nord-Ouest;Boyo;;;532;Chefferie BUM;
2;Nord-Ouest;Boyo;;;533;Chefferie AKU;
2;Nord-Ouest;Boyo;;;534;Chefferie MMEN;
2;Nord-Ouest;Boyo;;;535;Chefferie BELO;
2;Nord-Ouest;Boyo;;;536;Chefferie ANYAJUA;
2;Nord-Ouest;Boyo;;;537;Chefferie NJINIKOM;
2;Nord-Ouest;Boyo;;;538;Chefferie BADJI;
2;Nord-Ouest;Boyo;;;539;Chefferie FURU–AWA;
2;Nord-Ouest;Boyo;;;540;Chefferie FURU–BANA;
2;Nord-Ouest;Boyo;;;541;Chefferie ZONGEKWO;
2;Nord-Ouest;Boyo;;;542;Chefferie MAGHA;
2;Nord-Ouest;Boyo;;;543;Chefferie KESU;
2;Nord-Ouest;Boyo;;;544;Chefferie WAINAO;
2;Nord-Ouest;Menchum;;;545;Chefferie BU;
2;Nord-Ouest;Menchum;;;546;Chefferie ZONGEFU;
2;Nord-Ouest;Menchum;;;547;Chefferie KUNG;
2;Nord-Ouest;Menchum;;;548;Chefferie ESU;
2;Nord-Ouest;Menchum;;;549;Chefferie WEH;
2;Nord-Ouest;Menchum;;;550;Chefferie ABAR;
2;Nord-Ouest;Menchum;;;551;Chefferie BENAKUMA;
2;Nord-Ouest;Menchum;;;552;Chefferie MODELLE;
2;Nord-Ouest;Menchum;;;553;Chefferie BENADE;
2;Nord-Ouest;Mezam;;;554;Chefferie MUKURU;
2;Nord-Ouest;Mezam;;;555;Chefferie BAWORO;
2;Nord-Ouest;Mezam;;;556;Chefferie BATOMO;
2;Nord-Ouest;Mezam;;;557;Chefferie MENDANKWE;
2;Nord-Ouest;Mezam;;;558;Chefferie NSONGWA;
2;Nord-Ouest;Mezam;;;559;Chefferie NKWEN;
2;Nord-Ouest;Mezam;;;560;Chefferie BAWOCK;
2;Nord-Ouest;Mezam;;;561;Chefferie PINYIN;
2;Nord-Ouest;Mezam;;;562;Chefferie AWING;
2;Nord-Ouest;Mezam;;;563;Chefferie AKUM;
2;Nord-Ouest;Mezam;;;564;Chefferie BALIGHAM;
2;Nord-Ouest;Mezam;;;565;Chefferie BAMBILI;
2;Nord-Ouest;Mezam;;;566;Chefferie KEDJOM KETINGO;
2;Nord-Ouest;Mezam;;;567;Chefferie BAMBUI;
2;Nord-Ouest;Mezam;;;568;Chefferie KEDJOM KEKU;
2;Nord-Ouest;Mezam;;;569;Chefferie SABGA;
2;Nord-Ouest;Mezam;;;570;Chefferie MUNDUM 1;
2;Nord-Ouest;Mezam;;;571;Chefferie NSEM;
2;Nord-Ouest;Mezam;;;572;Chefferie MANKANIKONG;
2;Nord-Ouest;Mezam;;;573;Chefferie MANKWI;
2;Nord-Ouest;Mezam;;;574;Chefferie MAMBU;
2;Nord-Ouest;Mezam;;;575;Chefferie BANJII;
2;Nord-Ouest;Mezam;;;576;Chefferie BAWUM;
2;Nord-Ouest;Mezam;;;577;Chefferie MBEKONG;
2;Nord-Ouest;Ngo-Ketunjia;;;578;Chefferie OBANG;
2;Nord-Ouest;Ngo-Ketunjia;;;579;Chefferie BAMUNKA;
2;Nord-Ouest;Ngo-Ketunjia;;;580;Chefferie BAMBALANG;
2;Nord-Ouest;Ngo-Ketunjia;;;581;Chefferie BAMESSING;
2;Nord-Ouest;Ngo-Ketunjia;;;582;Chefferie BAMALI;
2;Nord-Ouest;Ngo-Ketunjia;;;583;Chefferie BABESSI;
2;Nord-Ouest;Ngo-Ketunjia;;;584;Chefferie BABAI;
2;Nord-Ouest;Ngo-Ketunjia;;;585;Chefferie BANGOLAN;
2;Nord-Ouest;Ngo-Ketunjia;;;586;Chefferie BABUNGO;
2;Nord-Ouest;Ngo-Ketunjia;;;587;Chefferie BALIKUMBAT;
2;Nord-Ouest;Ngo-Ketunjia;;;588;Chefferie BAFANJI;
2;Nord-Ouest;Ngo-Ketunjia;;;589;Chefferie BAMUNKUMBIT;
2;Nord-Ouest;Ngo-Ketunjia;;;590;Chefferie NGWO;
2;Nord-Ouest;Ngo-Ketunjia;;;591;Chefferie OSHIE;
2;Nord-Ouest;Ngo-Ketunjia;;;592;Chefferie ZANG–TABI;
2;Nord-Ouest;Ngo-Ketunjia;;;593;Chefferie MBENGWI;
2;Nord-Ouest;Ngo-Ketunjia;;;594;Chefferie NYEN;
2;Nord-Ouest;Ngo-Ketunjia;;;595;Chefferie GUNEKU;
2;Nord-Ouest;Momo;;;596;Chefferie KAI;
2;Nord-Ouest;Momo;;;597;Chefferie AGWI-BATIBO;
2;Nord-Ouest;Momo;;;598;Chefferie ASHONG;
2;Nord-Ouest;Momo;;;599;Chefferie BESSI–AWUM;
2;Nord-Ouest;Momo;;;600;Chefferie GUZANG;
2;Nord-Ouest;Momo;;;601;Chefferie TIBEN;
2;Nord-Ouest;Momo;;;602;Chefferie ENYOH;
2;Nord-Ouest;Momo;;;603;Chefferie TEZE-NGIE;
2;Ouest;Koung-Khi;;;604;Chefferie ABEGUM WIDIKUM;
2;Ouest;Koung-Khi;;;605;Chefferie BAYANGAM;
2;Ouest;Koung-Khi;;;606;Chefferie BATOUFAM;
2;Ouest;Koung-Khi;;;607;Chefferie BANDREFAM;
2;Ouest;Koung-Khi;;;608;Chefferie BANGAM-FONDJI;
2;Ouest;Koung-Khi;;;609;Chefferie BAHAM;
2;Ouest;Koung-Khi;;;610;Chefferie BANGOU;
2;Ouest;Koung-Khi;;;611;Chefferie BANDENKOP;
2;Ouest;Koung-Khi;;;612;Chefferie BAPA;
2;Ouest;Koung-Khi;;;613;Chefferie BAMENDJOU;
2;Ouest;Koung-Khi;;;614;Chefferie BAMEKA;
2;Ouest;Koung-Khi;;;615;Chefferie BAHOUANG;
2;Ouest;Koung-Khi;;;616;Chefferie BATIE;
2;Ouest;Koung-Khi;;;617;Chefferie BAFOUSSAM;
2;Ouest;Mifi;;;618;Chefferie BALENG;
2;Ouest;Mifi;;;619;Chefferie BANGAM;
2;Ouest;Mifi;;;620;Chefferie BAPI;
2;Ouest;Mifi;;;621;Chefferie BADENG;
2;Ouest;Mifi;;;622;Chefferie BAGAM;
2;Ouest;Bamboutos;;;623;Chefferie BAMENYAM;
2;Ouest;Noun;;;624;Chefferie BAMENDJING;
2;Ouest;Noun;;;625;Chefferie BATI;
2;Ouest;Noun;;;626;Chefferie BAMOUGONG;
2;Ouest;Noun;;;627;Chefferie BAMESSINGUE;
2;Ouest;Noun;;;628;Chefferie BALATCHI;
2;Ouest;Noun;;;629;Chefferie BAMENKOMBO;
2;Ouest;Noun;;;630;Chefferie BABETE;
2;Ouest;Noun;;;631;Chefferie BAMENDJINDA;
2;Ouest;Noun;;;632;Chefferie BAMENDJO;
2;Ouest;Noun;;;633;Chefferie BAFOUNDA;
2;Ouest;Noun;;;634;Chefferie BAMESSO;
2;Ouest;Noun;;;635;Chefferie NJINKA;
2;Ouest;Noun;;;636;Chefferie KOUNGA;
2;Ouest;Noun;;;637;Chefferie KOUNDOUM;
2;Ouest;Noun;;;638;Chefferie NJINTOUT;
2;Ouest;Noun;;;639;Chefferie MANKA;
2;Ouest;Noun;;;640;Chefferie MAYAP;
2;Ouest;Noun;;;641;Chefferie FOUMBOT;
2;Ouest;Noun;;;642;Chefferie AFOUMBOT-MANCH;
2;Ouest;Noun;;;643;Chefferie MANGOUM;
2;Ouest;Noun;;;644;Chefferie KOUPARA;
2;Ouest;Noun;;;645;Chefferie NGOUEN;
2;Ouest;Noun;;;646;Chefferie KOUGHAM;
2;Ouest;Noun;;;647;Chefferie FONTAIN;
2;Ouest;Noun;;;648;Chefferie MANTOUM;
2;Ouest;Noun;;;649;Chefferie MAMBAIN;
2;Ouest;Noun;;;650;Chefferie MANCHA;
2;Ouest;Noun;;;651;Chefferie FOYOUOM;
2;Ouest;Haut-Nkam;;;652;Chefferie MAGBA-TIKAR;
2;Ouest;Haut-Nkam;;;653;Chefferie BAFANG;
2;Ouest;Haut-Nkam;;;654;Chefferie BABOUTCHA-NGALEU;
2;Ouest;Haut-Nkam;;;655;Chefferie BANKONDJI;
2;Ouest;Haut-Nkam;;;656;Chefferie BASSAP;
2;Ouest;Haut-Nkam;;;657;Chefferie BABOUNTCHA;
2;Ouest;Haut-Nkam;;;658;Chefferie BABONE;
2;Ouest;Haut-Nkam;;;659;Chefferie BABOATE;
2;Ouest;Haut-Nkam;;;660;Chefferie FOLENTCHA;
2;Ouest;Haut-Nkam;;;661;Chefferie FONGOLI;
2;Ouest;Haut-Nkam;;;662;Chefferie BANFEKO;
2;Ouest;Haut-Nkam;;;663;Chefferie BANDOUMKA;
2;Ouest;Haut-Nkam;;;664;Chefferie BAPOUNGUE;
2;Ouest;Haut-Nkam;;;665;Chefferie FONTI;
2;Ouest;Haut-Nkam;;;666;Chefferie FOMESSAII;
2;Ouest;Haut-Nkam;;;667;Chefferie FOMESSAI;
2;Ouest;Haut-Nkam;;;668;Chefferie FOTSI;
2;Ouest;Haut-Nkam;;;669;Chefferie FOMBELE;
2;Ouest;Haut-Nkam;;;670;Chefferie FONDJOMOKO;
2;Ouest;Haut-Nkam;;;671;Chefferie KEKEM-VILLAGE;
2;Ouest;Haut-Nkam;;;672;Chefferie BALEMBO;
2;Ouest;Haut-Nkam;;;673;Groupement FONKOUANKEM;
2;Ouest;Haut-Nkam;;;674;Chefferie MBOEBO;
2;Ouest;Haut-Nkam;;;675;Chefferie FOYEMTCHA;
2;Ouest;Haut-Nkam;;;676;Chefferie BABOUTCHA-FONGAM;
2;Ouest;Haut-Nkam;;;677;Chefferie GBAAKOU-FONTSIN;
2;Ouest;Haut-Nkam;;;678;Chefferie KOMAKO;
2;Ouest;Haut-Nkam;;;679;Chefferie FONDJANTI;
2;Ouest;Haut-Nkam;;;680;Chefferie BALOUK;
2;Ouest;Haut-Nkam;;;681;Chefferie BANKAMBE;
2;Ouest;Haut-Nkam;;;682;Chefferie FOPOUANGA;
2;Ouest;Haut-Nkam;;;683;Chefferie FOUTOUNI;
2;Ouest;Haut-Nkam;;;684;Chefferie BABOUANTOU;
2;Ouest;Haut-Nkam;;;685;Chefferie FONDJOMEKWET;
2;Ouest;Haut-Nkam;;;686;Chefferie BANDJA;
2;Ouest;Haut-Nkam;;;687;Chefferie FONDANTI;
2;Ouest;Haut-Nkam;;;688;Chefferie BAKASSA;
2;Ouest;Haut-Nkam;;;689;Chefferie BANDOUMKASSA;
2;Ouest;Menoua;;;690;Chefferie BATCHA;
2;Ouest;Menoua;;;691;Chefferie FOREKE-DSCHANG;
2;Ouest;Menoua;;;692;Chefferie FONGO-NDENG;
2;Ouest;Menoua;;;693;Chefferie NFGOSSONG-WETCHE;
2;Ouest;Menoua;;;694;Chefferie FOTETSA;
2;Ouest;Menoua;;;695;Chefferie FONGO-TONGO;
2;Ouest;Menoua;;;696;Chefferie FOSSONG-ELLELEM;
2;Ouest;Menoua;;;697;Chefferie SANTCHOU;
2;Ouest;Menoua;;;698;Chefferie FOTOMENA;
2;Ouest;Menoua;;;699;Chefferie FOMBAP;
2;Ouest;Menoua;;;700;Chefferie BALEVENG;
2;Ouest;Menoua;;;701;Chefferie BAMENDOU;
2;Ouest;Menoua;;;702;Chefferie BANSOA;
2;Ouest;Menoua;;;703;Chefferie BALESSING;
2;Ouest;Menoua;;;704;Chefferie BALOUM;
2;Ouest;Menoua;;;705;Chefferie FONTSA-TOUALA;
2;Ouest;Menoua;;;706;Chefferie FONDOMERA;
2;Ouest;Menoua;;;707;Chefferie FOMOPEA;
2;Ouest;Menoua;;;708;Chefferie FOKOUE;
2;Ouest;Menoua;;;709;Chefferie BANGWA;
2;Ouest;Ndé;;;710;Chefferie BAMENA;
2;Sud;Dja-et-Lobo;;;711;Chefferie BANGOULAP;
2;Sud;Dja-et-Lobo;;;712;Chefferie BATCHINGOU;
2;Sud;Dja-et-Lobo;;;713;Chefferie BANGANG-FOKAM;
2;Sud;Dja-et-Lobo;;;714;Chefferie BAHOUOC;
2;Sud;Dja-et-Lobo;;;715;Chefferie BAZOU;
2;Sud;Dja-et-Lobo;;;716;Chefferie BALENGOU;
2;Sud;Dja-et-Lobo;;;717;Chefferie BAKONG;
2;Sud;Dja-et-Lobo;;;718;Chefferie BANDOUNGA;
2;Sud;Dja-et-Lobo;;;719;Chefferie MVOGMEZANG;
2;Sud;Dja-et-Lobo;;;720;Chefferie MVOG-ZANG;
2;Sud;Dja-et-Lobo;;;721;Chefferie MVOGZOMO;
2;Sud;Dja-et-Lobo;;;722;Chefferie YEKOMBO;
2;Sud;Dja-et-Lobo;;;723;Chefferie ESSE;
2;Sud;Dja-et-Lobo;;;724;Chefferie YEMFEK;
2;Sud;Dja-et-Lobo;;;725;Chefferie MVOG-ELLA;
2;Sud;Dja-et-Lobo;;;726;Chefferie YEKOMBO;
2;Sud;Dja-et-Lobo;;;727;Chefferie YETYANG;
2;Sud;Dja-et-Lobo;;;728;Chefferie DJA;
2;Sud;Dja-et-Lobo;;;729;Chefferie MAKAE;
2;Sud;Dja-et-Lobo;;;730;Chefferie YEMBONG;
2;Sud;Dja-et-Lobo;;;731;Chefferie FANGSUD;
2;Sud;Dja-et-Lobo;;;732;Chefferie YEMBONG;
2;Sud;Dja-et-Lobo;;;733;Chefferie ESSE;
2;Sud;Dja-et-Lobo;;;734;Chefferie ESSE;
2;Sud;Dja-et-Lobo;;;735;Chefferie YEMBONG;
2;Sud;Dja-et-Lobo;;;736;Chefferie YEMVAM;
2;Sud;Dja-et-Lobo;;;737;Chefferie YEMBONG;
2;Sud;Dja-et-Lobo;;;738;Chefferie YEKOMBO;
2;Sud;Dja-et-Lobo;;;739;Chefferie YEMISSEM;
2;Sud;Dja-et-Lobo;;;740;Chefferie NGOE;
2;Sud;Dja-et-Lobo;;;741;Chefferie ESSAMAN;
2;Sud;Dja-et-Lobo;;;742;Chefferie YEMVENG;
2;Sud;Dja-et-Lobo;;;743;Chefferie ESSE;
2;Sud;Dja-et-Lobo;;;744;Chefferie YEMFEK;
2;Sud;Dja-et-Lobo;;;745;Chefferie NDONG;
2;Sud;Dja-et-Lobo;;;746;Chefferie YEMVENG;
2;Sud;Dja-et-Lobo;;;747;Chefferie KOYEKOMBO-MVAME;
2;Sud;Dja-et-Lobo;;;748;Chefferie YETYANG;
2;Sud;Dja-et-Lobo;;;749;Chefferie NGOE-YEMESSOK;
2;Sud;Dja-et-Lobo;;;750;Chefferie YEZOUM;
2;Sud;Dja-et-Lobo;;;751;Chefferie YEBAE;
2;Sud;Dja-et-Lobo;;;752;Chefferie YEMFEK;
2;Sud;Dja-et-Lobo;;;753;Chefferie YEMVAM;
2;Sud;Dja-et-Lobo;;;754;Chefferie YEMBONG;
2;Sud;Dja-et-Lobo;;;755;Chefferie NDONG;
2;Sud;Dja-et-Lobo;;;756;Chefferie YEKOE-YENJOK;
2;Sud;Dja-et-Lobo;;;757;Chefferie YASSAMAN;
2;Sud;Dja-et-Lobo;;;758;Chefferie ESSAMAN;
2;Sud;Dja-et-Lobo;;;759;Groupement YEKOMBO;
2;Sud;Dja-et-Lobo;;;760;Chefferie FANGNORD;
2;Sud;Dja-et-Lobo;;;761;Chefferie FANGCENTRE;
2;Sud;Dja-et-Lobo;;;762;Chefferie BOULOU;
2;Sud;Dja-et-Lobo;;;763;Chefferie ZAMANE;
2;Sud;Dja-et-Lobo;;;764;Chefferie NTOUMOUNORD;
2;Sud;Dja-et-Lobo;;;765;Chefferie MVAEEST;
2;Sud;Dja-et-Lobo;;;766;Chefferie NTOUMOUEST;
2;Sud;Dja-et-Lobo;;;767;Chefferie NTOUMOUSUDI;
2;Sud;Dja-et-Lobo;;;768;Chefferie NTOUMOUSUDII;
2;Sud;Mvila;;;769;Chefferie NTOUMOU-SUD;
2;Sud;Mvila;;;770;Chefferie DNATNOUMOUSUD;
2;Sud;Mvila;;;771;Chefferie TNTOUMOUCENTRE;
2;Sud;Mvila;;;772;Chefferie MVAEOUEST;
2;Sud;Mvila;;;773;Chefferie NIITOUMOUBOUCLE;
2;Sud;Mvila;;;774;Chefferie NITOUMOUBOUCLE;
2;Sud;Mvila;;;775;Chefferie UNGONEBOK-NKOUTO;
2;Sud;Mvila;;;776;Chefferie MEKOTOJAMANI;
2;Sud;Mvila;;;777;Chefferie MEKOTO-JAMANII;
2;Sud;Mvila;;;778;Chefferie MEKOTO-JAMANIII;
2;Sud;Mvila;;;779;Chefferie NGOTOI;
2;Sud;Mvila;;;780;Chefferie NGOTOII;
2;Sud;Mvila;;;781;Chefferie SONKOT-MINKANE;
2;Sud;Mvila;;;782;Chefferie MVI’INORDI;
2;Sud;Mvila;;;783;Chefferie EBOMANI;
2;Sud;Mvila;;;784;Chefferie EBOMANII;
2;Sud;Mvila;;;785;Chefferie BOULOUSUD;
2;Sud;Mvila;;;786;Chefferie BOULOUEST;
2;Sud;Mvila;;;787;Chefferie BOULOUFANG;
2;Sud;Mvila;;;788;Chefferie ENGUEBANYOU;
2;Sud;Mvila;;;789;Chefferie FALEI;
2;Sud;Mvila;;;790;Chefferie FALEII;
2;Sud;Mvila;;;791;Chefferie MBILBEKON;
2;Sud;Mvila;;;792;Chefferie MVIINORDII;
2;Sud;Mvila;;;793;Chefferie BOULOUNORD;
2;Sud;Mvila;;;794;Chefferie MVIISUD;
2;Sud;Mvila;;;795;Chefferie BANECENTRE;
2;Sud;Mvila;;;796;Chefferie FONG;
2;Sud;Mvila;;;797;Chefferie BANE-OUEST;
2;Sud;Mvila;;;798;Chefferie MELANGUENORD;
2;Sud;Mvila;;;799;Chefferie MELANGUESUDI;
2;Sud;Mvila;;;800;Chefferie MELANGUE;
2;Sud;Océan;;;801;Chefferie NGOUMBACENTRE;
2;Sud;Océan;;;802;Chefferie FANG;
2;Sud;Océan;;;803;Chefferie NGOE;
2;Sud;Océan;;;804;Chefferie EVOUZOK;
2;Sud;Océan;;;805;Chefferie BAKOKO-BASSA;
2;Sud;Océan;;;806;Chefferie NGOUMBA-SUD;
2;Sud;Océan;;;807;Chefferie FANG;
2;Sud;Océan;;;808;Chefferie LOHOVE;
2;Sud;Océan;;;809;Chefferie BATANGASUD;
2;Sud;Océan;;;810;Chefferie MABEASUD;
2;Sud;Océan;;;811;Chefferie BATANGANORD;
2;Sud;Océan;;;812;Chefferie MABEA-PFIEBOURI;
2;Sud;Océan;;;813;Chefferie EVOUZOK;
2;Sud;Océan;;;814;Chefferie NGOUMBA-FANG;
2;Sud;Océan;;;815;Chefferie BASSA;
2;Sud;Océan;;;816;Chefferie BOULOUCENTRE;
2;Sud;Océan;;;817;Chefferie BOULOUNORD;
2;Sud;Océan;;;818;Chefferie BOULOUSUD;
2;Sud;Océan;;;819;Chefferie ENOAH-YANDA;
2;Sud;Océan;;;820;Chefferie MVOG-TSOUNGUI;
2;Sud;Océan;;;821;Chefferie ENOAHYANDA;
2;Sud;Océan;;;822;Chefferie YANDANORD;
2;Sud;Océan;;;823;Chefferie MVAE;
2;Sud-Ouest;Fako;;;824;Chefferie YASSA;
2;Sud-Ouest;Fako;;;825;Chefferie MUEA;
2;Sud-Ouest;Fako;;;826;Chefferie GREAT-SOPPO;
2;Sud-Ouest;Fako;;;827;Chefferie BONJONGO;
2;Sud-Ouest;Fako;;;828;Chefferie EKONAMBENGE;
2;Sud-Ouest;Fako;;;829;Chefferie MUYUKATOWN;
2;Sud-Ouest;Fako;;;830;Chefferie TIKO-TOWN;
2;Sud-Ouest;Fako;;;831;Chefferie MUTENGENE;
2;Sud-Ouest;Fako;;;832;Chefferie MISSAKA;
2;Sud-Ouest;Fako;;;833;Chefferie ILESDUMOUNGO;
2;Sud-Ouest;Manyu;;;834;Chefferie BACHUO-NTAI;
2;Sud-Ouest;Manyu;;;835;Chefferie G-ABANG;
2;Sud-Ouest;Manyu;;;836;Chefferie NCHANG;
2;Sud-Ouest;Manyu;;;837;Chefferie KEMBONG;
2;Sud-Ouest;Manyu;;;838;Chefferie OSSING;
2;Sud-Ouest;Manyu;;;839;Chefferie OTU;
2;Sud-Ouest;Manyu;;;840;Chefferie BACHUO-AKAGBE;
2;Sud-Ouest;Manyu;;;841;Chefferie TAKWAI;
2;Sud-Ouest;Manyu;;;842;Chefferie BAKEBE;
2;Sud-Ouest;Manyu;;;843;Chefferie FOTABE;
2;Sud-Ouest;Manyu;;;844;Chefferie BAGUNDU;
2;Sud-Ouest;Manyu;;;845;Chefferie BALEIN;
2;Sud-Ouest;Manyu;;;846;Chefferie AMASSI;
2;Sud-Ouest;Manyu;;;847;Chefferie AKWAYA;
2;Sud-Ouest;Manyu;;;848;Chefferie AKWA;
2;Sud-Ouest;Manyu;;;849;Chefferie CKM)’MOCK-NGIE;
2;Sud-Ouest;Manyu;;;850;Chefferie LEWOH;
2;Sud-Ouest;Manyu;;;851;Chefferie NWAMETAW;
2;Sud-Ouest;Meme;;;852;Chefferie USOUTHERN;
2;Sud-Ouest;Meme;;;853;Chefferie DMABONGE–MARUM;
2;Sud-Ouest;Meme;;;854;Chefferie EKOMBE-BONJI;
2;Sud-Ouest;Meme;;;855;Chefferie TOMBEL-TOWN;
2;Sud-Ouest;Meme;;;856;Chefferie NYASOSO;
2;Sud-Ouest;Meme;;;857;Chefferie MUEBAH;
2;Sud-Ouest;Meme;;;858;Chefferie BANGEM-TOWN;
2;Sud-Ouest;Meme;;;859;Chefferie NGUTI;
2;Sud-Ouest;Meme;;;860;Chefferie TALANGAYE;
2;Sud-Ouest;Meme;;;861;Chefferie NBGEKUMU-UBENIKA;
2;Sud-Ouest;Ndian;;;862;Chefferie BAMUSSO-TOWN;
2;Sud-Ouest;Ndian;;;863;Chefferie MUNDEMBA;
2;Sud-Ouest;Ndian;;;864;Chefferie NDIAN-TOWN;
2;Sud-Ouest;Ndian;;;865;Chefferie DIKOMEBALUE;
2;Sud-Ouest;Ndian;;;866;Chefferie ISANGELE;
2;Sud-Ouest;Ndian;;;867;Chefferie EKONDO-TITI;
